Date de modification de la donnée;IDENT PARKING;Nom du parking;Propriétaire;Titulaire du contrat;Exploitant;Type de gestion;Secteur;INSEE Commune;Commune;IDENT EQUIPEMENT PUBLIC;Année de mise en service;Type de construction;Nombre de niveaux;Places Hors gabarit < 3.5T;Places Hors gabarit > 3.5T;Nombre de places utilisées en fourrière;Potentiel global : Parking + Parc Relais + Fourrière;Total de places en Parking ou Parc Relais;Dont max de places utilisées en parc-relais;Dont places PMR;Dont places VL électrique;Dont places Autopartage ou Autocool ou Citiz;Dont Covoiturage;Et dont places pour station de lavage;Places 2 roues à moteur;Dont 2 roues à moteur électrique;Total places vélo;Dont Places vélo électrique
2024-09-04;CUBPK111;SAINT JEAN ARMAGNAC;INTERPARKING;INTERPARKING;INTERPARKING;GESTION_PRIVEE;CENTRE;33063;BORDEAUX;Apreciser111;2023;SILO;5;0;0;0;496;496;0;10;99;0;0;0;7;0;0;0
2024-04-16;CUBPK95;GRAND PARC - Metpark;METPARK;METPARK;METPARK;REGIE_AUTONOME;CENTRE;33063;BORDEAUX;2329;2019;SILO;4;0;0;0;349;349;0;8;7;0;0;0;13;0;108;0
2023-06-29;CUBPK91;PARC-RELAIS VILLENAVE PYRENEES - TBM Keolis;BORDEAUX_METROPOLE;TBM;KEOLIS;DELEGATION_DE_SERVICE_PUBLIC_POUR_BORDEAUX_METROPOLE;PERIPHERIE;33550;VILLENAVE D'ORNON;550J0126;2019;SILO;4;0;0;0;753;753;753;20;20;0;20;0;28;0;56;4
2023-11-21;CUBPK84;PARC-RELAIS QUARANTE JOURNAUX - TBM Keolis;BORDEAUX_METROPOLE;TBM;KEOLIS;DELEGATION_DE_SERVICE_PUBLIC_POUR_BORDEAUX_METROPOLE;PERIPHERIE;33063;BORDEAUX;063J2562;2018;SURFACE;1;0;0;0;200;200;200;5;0;0;10;0;5;0;20;5
2024-03-29;CUBPK85;ARS - BELCIER - Indigo park;AUTRE;INDIGO_PARK;INDIGO_PARK;GESTION_PRIVEE;CENTRE;33063;BORDEAUX;063J2568;2018;SILO;6;0;0;0;520;520;0;10;3;0;0;0;14;0;0;0
2024-02-28;CUBPK87;UPS CARREFOUR BASTIDE - Transdev park;AUTRE;AUTRE;INDIGO_TPS;GESTION_PRIVEE;CENTRE;33063;BORDEAUX;063J2570;2018;ENTERRE;1;158;0;0;158;158;0;3;0;0;0;0;0;0;0;0
2024-04-04;CUBPK90;Parking gratuit GARE BLANQUEFORT;BORDEAUX_METROPOLE;AUTRE;BORDEAUX_METROPOLE;AUTRE;PERIPHERIE;33075;BLANQUEFORT;056J0099;2018;SURFACE;0;0;0;0;151;151;0;4;0;0;0;0;0;0;0;0
2024-04-16;CUBPK83;TALENCE 7E ART - Metpark;AGORA_CINEMA;METPARK;METPARK;REGIE_AUTONOME;PERIPHERIE;33522;TALENCE;522J0388;2017;ENTERRE;2;0;0;0;321;321;0;7;0;0;0;0;0;0;0;0
2024-04-16;CUBPK78;PALUDATE - SAINT JEAN - Metpark;METPARK;METPARK;METPARK;REGIE_AUTONOME;CENTRE;33063;BORDEAUX;063J1102;2017;SILO;3;0;0;0;565;565;0;12;4;0;0;0;20;0;72;0
2024-06-28;CUBPK15;CLEMENCEAU - Qpark;Q_PARK;Q_PARK;Q_PARK;GESTION_PRIVEE;HYPER_CENTRE;33063;BORDEAUX;063J2500;2014;ENTERRE;7;0;0;0;379;379;0;7;10;0;0;2;18;0;0;0
2024-04-16;CUBPK31;BONNAC - Metpark;BORDEAUX_METROPOLE;METPARK;METPARK;REGIE_AUTONOME;HYPER_CENTRE;33063;BORDEAUX;063J2507;2009;ENTERRE;1;0;0;0;169;169;0;4;6;0;0;0;0;0;0;0
2023-11-21;CUBPK54;PARC-RELAIS RAVEZIES LE BOUSCAT - TBM Keolis;BORDEAUX_METROPOLE;TBM;KEOLIS;DELEGATION_DE_SERVICE_PUBLIC_POUR_BORDEAUX_METROPOLE;PERIPHERIE;33069;LE BOUSCAT;069J0065;2008;SILO;6;0;0;0;369;369;369;9;2;0;10;0;26;0;24;6
2023-06-29;CUBPK53;PARC-RELAIS QUATRE CHEMINS - TBM Keolis;BORDEAUX_METROPOLE;TBM;KEOLIS;DELEGATION_DE_SERVICE_PUBLIC_POUR_BORDEAUX_METROPOLE;PERIPHERIE;33281;MERIGNAC;281J0574;2008;SILO;5;0;0;0;398;398;398;8;4;0;10;0;38;6;14;0
2024-04-23;CUBPK12;AEROPORT P4 LONGUE DUREE - Indigo park;AEROPORT_DE_BORDEAUX;INDIGO_PARK;INDIGO_PARK;CONCESSION_DE_SERVICE;PERIPHERIE;33281;MERIGNAC;281J2511;2008;SURFACE;1;0;0;0;3427;3427;0;10;0;0;0;0;0;0;0;0
2024-04-24;CUBPK11;AEROPORT P2 FLEXI - Indigo park;AEROPORT_DE_BORDEAUX;INDIGO_PARK;INDIGO_PARK;CONCESSION_DE_SERVICE;PERIPHERIE;33281;MERIGNAC;281J2512;2008;SURFACE;1;0;0;0;3377;3377;0;25;0;0;0;0;0;0;0;0
2023-06-29;CUBPK52;PARC-RELAIS LES AUBIERS - TBM Keolis;BORDEAUX_METROPOLE;TBM;KEOLIS;DELEGATION_DE_SERVICE_PUBLIC_POUR_BORDEAUX_METROPOLE;PERIPHERIE;33063;BORDEAUX;063J1108;2008;SURFACE;1;0;0;0;234;234;234;5;0;0;5;0;40;0;0;0
2023-06-29;CUBPK47;PARC-RELAIS FLOIRAC DRAVEMONT - TBM Keolis;BORDEAUX_METROPOLE;TBM;KEOLIS;DELEGATION_DE_SERVICE_PUBLIC_POUR_BORDEAUX_METROPOLE;PERIPHERIE;33167;FLOIRAC;167J0060;2007;SURFACE;1;0;0;0;46;46;46;4;0;0;5;0;40;0;0;0
2023-11-21;CUBPK45;PARC-RELAIS BUTTINIERE - TBM Keolis;BORDEAUX_METROPOLE;TBM;KEOLIS;DELEGATION_DE_SERVICE_PUBLIC_POUR_BORDEAUX_METROPOLE;PERIPHERIE;33249;LORMONT;249J0105;2004;SILO;5;0;0;0;611;611;611;16;0;0;10;0;52;0;26;6
2023-06-29;CUBPK56;PARC-RELAIS UNITEC - TBM Keolis;BORDEAUX_METROPOLE;TBM;KEOLIS;DELEGATION_DE_SERVICE_PUBLIC_POUR_BORDEAUX_METROPOLE;PERIPHERIE;33318;PESSAC;318J0307;2004;SURFACE;1;0;0;0;249;249;249;5;0;0;5;0;28;0;56;4
2024-01-16;CUBPK36;BERGONIE - Metpark;BORDEAUX_METROPOLE;METPARK;METPARK;REGIE_AUTONOME;CENTRE;33063;BORDEAUX;063J1091;2002;ENTERRE;3;0;0;0;66;66;0;0;0;0;0;0;0;0;0;0
2023-02-22;CUBPK19;CAPUCINS - Geraud;VILLE_DE_BORDEAUX;GERAUD;GERAUD;DELEGATION_DE_SERVICE_PUBLIC_POUR_LA_VILLE_DE_BORDEAUX;CENTRE;33063;BORDEAUX;063J0011;1999;SILO;2;0;0;0;270;270;0;6;0;0;0;0;20;0;10;0
2024-04-16;CUBPK29;VICTOIRE - Metpark;BORDEAUX_METROPOLE;METPARK;METPARK;REGIE_AUTONOME;HYPER_CENTRE;33063;BORDEAUX;063J0004;1984;ENTERRE;3;0;0;0;457;457;0;10;0;0;0;0;14;0;60;0
2024-04-16;CUBPK34;Huit mai 45 - Metpark;BORDEAUX_METROPOLE;METPARK;METPARK;REGIE_AUTONOME;HYPER_CENTRE;33063;BORDEAUX;063J0009;1979;SILO;3;0;0;248;669;421;0;9;0;0;0;0;20;0;218;20
2024-06-27;CUBPK113;BELVEDERE Indigo park;AUTRE;INDIGO_PARK;INDIGO_PARK;GESTION_PRIVEE;PERIPHERIE;33063;BORDEAUX;Apreciser113;2024;ENTERRE;1;;0;0;110;110;0;3;6;0;0;0;0;0;0;0
2024-04-17;CUBPK112;AMPLITUDE METPARK;METPARK;METPARK;METPARK;REGIE_AUTONOME;CENTRE;33063;BORDEAUX;Apreciser112;2023;SILO;2;0;0;0;401;401;0;9;19;0;0;0;0;0;0;0
2024-04-16;CUBPK109;AMEDEE ST GERMAIN - Metpark;METPARK;METPARK;METPARK;REGIE_AUTONOME;CENTRE;33063;BORDEAUX;Apreciser109;2022;MIXTE;3;0;0;0;632;632;0;14;30;0;0;0;7;0;0;0
2024-03-29;CUBPK103;Les Bassins - Indigo park;AUTRE;INDIGO_PARK;INDIGO_PARK;GESTION_PRIVEE;CENTRE;33063;BORDEAUX;Apreciser103;2021;SILO;5;0;0;0;424;424;0;15;3;0;0;0;0;0;56;0
2024-03-29;CUBPK104;Brienne - Indigo park;AUTRE;INDIGO_PARK;INDIGO_PARK;GESTION_PRIVEE;CENTRE;33063;BORDEAUX;Apreciser104;2021;SILO;5;0;0;0;363;363;0;9;6;0;0;0;20;0;0;0
2023-11-21;CUBPK97;PARC-RELAIS CANTINOLLE - TBM Keolis;BORDEAUX_METROPOLE;TBM;KEOLIS;DELEGATION_DE_SERVICE_PUBLIC_POUR_BORDEAUX_METROPOLE;PERIPHERIE;33162;EYSINES;Apreciser97;2020;SILO;4;0;0;0;656;656;656;12;20;0;0;0;17;0;24;0
2023-11-21;CUBPK98;PARC-RELAIS DE L'HIPPODROME -TBM Keolis;BORDEAUX_METROPOLE;TBM;KEOLIS;DELEGATION_DE_SERVICE_PUBLIC_POUR_BORDEAUX_METROPOLE;PERIPHERIE;33069;LE BOUSCAT;Apreciser98;2020;SURFACE;1;0;0;0;240;240;240;7;5;0;0;0;0;0;32;0
2024-07-23;CUBPK94;P4 BELCIER -  GARE SAINT JEAN - Indigo park;SNCF;INDIGO_INFRA_FRANCE;INDIGO_PARK;AUTORISATION_OCCUPATION_TEMPORAIRE;CENTRE;33063;BORDEAUX;5681;2019;SILO;6;0;0;0;765;765;0;16;11;0;0;0;37;0;19;0
2023-04-24;CUBPK86;CARREFOUR - SAINT JEAN - Transdev park;AUTRE;AUTRE;INDIGO_TPS;GESTION_PRIVEE;CENTRE;33063;BORDEAUX;063J2569;2018;SURFACE;1;137;0;0;137;137;0;3;0;0;0;0;0;0;0;0
2024-04-17;CUBPK82;FLOIRAC ARENA - Metpark;METPARK;METPARK;METPARK;REGIE_AUTONOME;PERIPHERIE;33167;FLOIRAC;167J0076;2018;SILO;5;0;0;0;961;961;400;25;12;0;0;0;0;0;0;0
2023-11-21;CUBPK88;PARC-RELAIS CAP METIERS - TBM Keolis;BORDEAUX_METROPOLE;TBM;KEOLIS;DELEGATION_DE_SERVICE_PUBLIC_POUR_BORDEAUX_METROPOLE;PERIPHERIE;33318;PESSAC;318J2526;2018;SILO;1;0;0;0;144;144;144;7;4;0;5;0;0;0;28;6
2024-01-16;CUBPK110;Park Cars tourisme allees de Bristol Metpark;BORDEAUX_METROPOLE;METPARK;METPARK;REGIE_AUTONOME;HYPER_CENTRE;33063;BORDEAUX;Apreciser110;2018;ENCLOS;1;0;12;0;12;0;0;0;0;0;0;0;0;0;0;0
2024-02-04;CUBPK80;CITE DU VIN - Interparking;INTERPARKING;INTERPARKING;INTERPARKING;GESTION_PRIVEE;CENTRE;33063;BORDEAUX;063J2560;2017;SILO;7;0;0;0;405;405;0;9;21;0;0;0;13;4;93;4
2024-04-17;CUBPK74;LAHARPE - Metpark;BORDEAUX_METROPOLE;METPARK;METPARK;REGIE_AUTONOME;PERIPHERIE;33069;LE BOUSCAT;069J0080;2016;SURFACE;1;0;0;0;83;83;0;0;0;0;0;0;0;0;0;0
2024-04-24;CUBPK09;AEROPORT P0 CONFORT - Indigo park;AEROPORT_DE_BORDEAUX;INDIGO_PARK;INDIGO_PARK;CONCESSION_DE_SERVICE;PERIPHERIE;33281;MERIGNAC;281J0570;2016;SURFACE;1;0;0;0;341;341;0;3;22;0;0;0;0;0;0;0
2024-04-16;CUBPK73;NICOLAS BEAUJON - Metpark;BORDEAUX_METROPOLE;METPARK;METPARK;REGIE_AUTONOME;PERIPHERIE;33063;BORDEAUX;063J1098;2016;SILO;3;0;0;0;92;92;0;2;2;0;0;0;0;0;18;0
2023-06-29;CUBPK60;PARC-RELAIS GARE DE BEGLES - TBM Keolis;BORDEAUX_METROPOLE;TBM;KEOLIS;DELEGATION_DE_SERVICE_PUBLIC_POUR_BORDEAUX_METROPOLE;PERIPHERIE;33039;BEGLES;039J0140;2015;SURFACE;1;0;0;0;193;193;193;4;0;0;5;0;0;0;30;7
2023-11-21;CUBPK57;PARC-RELAIS LE HAILLAN ROSTAND - TBM Keolis;BORDEAUX_METROPOLE;TBM;KEOLIS;DELEGATION_DE_SERVICE_PUBLIC_POUR_BORDEAUX_METROPOLE;PERIPHERIE;33200;LE HAILLAN;200J0046;2015;SURFACE;1;0;0;0;204;204;204;5;0;0;5;0;5;0;0;0
2023-11-21;CUBPK58;PARC-RELAIS LES PINS - TBM Keolis;BORDEAUX_METROPOLE;TBM;KEOLIS;DELEGATION_DE_SERVICE_PUBLIC_POUR_BORDEAUX_METROPOLE;PERIPHERIE;33281;MERIGNAC;281J2514;2015;SURFACE;1;0;0;0;220;220;220;5;0;0;5;0;10;0;40;7
2024-04-17;CUBPK75;RUE DE BEGLES - Metpark;BORDEAUX_METROPOLE;METPARK;METPARK;REGIE_AUTONOME;CENTRE;33063;BORDEAUX;063J2558;2014;ENTERRE;1;0;0;0;63;63;0;3;0;0;0;0;0;0;0;0
2023-06-29;CUBPK49;PARC-RELAIS LA GARDETTE NORD- TBM Keolis;BORDEAUX_METROPOLE;TBM;KEOLIS;DELEGATION_DE_SERVICE_PUBLIC_POUR_BORDEAUX_METROPOLE;PERIPHERIE;33032;BASSENS;032J0003;2008;SURFACE;1;0;0;0;242;242;242;5;0;0;5;0;0;0;30;7
2023-11-21;CUBPK41;PARC-RELAIS ARLAC - TBM Kelolis;BORDEAUX_METROPOLE;TBM;KEOLIS;DELEGATION_DE_SERVICE_PUBLIC_POUR_BORDEAUX_METROPOLE;PERIPHERIE;33281;MERIGNAC;281J0573;2008;SILO;5;0;0;0;397;397;397;9;6;0;10;0;32;0;30;6
2024-04-23;CUBPK10;AEROPORT P1 PROXI - Indigo park;AEROPORT_DE_BORDEAUX;INDIGO_PARK;INDIGO_PARK;CONCESSION_DE_SERVICE;PERIPHERIE;33281;MERIGNAC;281J2519;2008;SURFACE;1;0;0;0;375;375;0;0;0;0;0;0;0;0;0;0
2024-04-17;CUBPK18;ALLEES DE CHARTRES - Metpark;BORDEAUX_METROPOLE;METPARK;METPARK;REGIE_AUTONOME;HYPER_CENTRE;33063;BORDEAUX;063J0362;2005;SURFACE;1;20;12;0;399;399;0;8;2;5;0;0;0;0;0;0
2023-06-29;CUBPK43;PARC-RELAIS BOUGNARD - TBM Keolis;BORDEAUX_METROPOLE;TBM;KEOLIS;DELEGATION_DE_SERVICE_PUBLIC_POUR_BORDEAUX_METROPOLE;PERIPHERIE;33318;PESSAC;318J0306;2004;SURFACE;1;0;0;0;168;168;168;10;0;0;6;0;48;0;44;7
2023-06-29;CUBPK42;PARC-RELAIS ARTS ET METIERS - TBM Keolis;BORDEAUX_METROPOLE;TBM;KEOLIS;DELEGATION_DE_SERVICE_PUBLIC_POUR_BORDEAUX_METROPOLE;PERIPHERIE;33522;TALENCE;522J0158;2004;SILO;4;0;0;0;593;593;593;12;10;0;10;0;50;0;33;0
2024-02-28;CUBPK05;SALINIERES - Indigo TPS;BORDEAUX_METROPOLE;BP3000;INDIGO_TPS;DELEGATION_DE_SERVICE_PUBLIC_POUR_BORDEAUX_METROPOLE;HYPER_CENTRE;33063;BORDEAUX;063J0016;2003;ENTERRE;5;10;0;0;407;407;0;8;21;0;0;0;16;0;62;0
2023-06-29;CUBPK51;PARC-RELAIS LAURIERS - TBM Keolis;BORDEAUX_METROPOLE;TBM;KEOLIS;DELEGATION_DE_SERVICE_PUBLIC_POUR_BORDEAUX_METROPOLE;PERIPHERIE;33249;LORMONT;249J0071;2003;SURFACE;1;0;0;0;189;189;189;4;0;0;5;0;40;0;40;0
2024-01-16;CUBPK37;CROIX DE SEGUEY - Metpark;BORDEAUX_METROPOLE;METPARK;METPARK;REGIE_AUTONOME;CENTRE;33063;BORDEAUX;063J1138;2003;SURFACE;1;0;0;0;51;51;0;2;0;0;0;0;0;0;0;0
2024-04-17;CUBPK27;CITE MONDIALE - Metpark;BORDEAUX_METROPOLE;METPARK;METPARK;REGIE_AUTONOME;HYPER_CENTRE;33063;BORDEAUX;063J0017;1992;ENTERRE;4;0;0;0;844;844;0;14;2;3;0;2;0;0;0;0
2024-04-16;CUBPK35;PORTE DE BORDEAUX - Metpark;BORDEAUX_METROPOLE;METPARK;METPARK;REGIE_AUTONOME;CENTRE;33063;BORDEAUX;063J0019;1992;ENTERRE;4;0;0;0;707;707;0;9;3;0;0;0;0;0;30;0
2023-11-07;CUBPK06;CAMILLE JULLIAN - Indigo park;BORDEAUX_METROPOLE;INDIGO_CENTRAL_PARCS;INDIGO_PARK;DELEGATION_DE_SERVICE_PUBLIC_POUR_BORDEAUX_METROPOLE;HYPER_CENTRE;33063;BORDEAUX;063J0012;1991;ENTERRE;4;0;0;0;338;338;0;7;0;0;0;0;5;0;0;0
2024-04-16;CUBPK33;GARE SAINT JEAN - Metpark;SNCF;METPARK;METPARK;CONCESSION_DE_SERVICE;CENTRE;33063;BORDEAUX;063J0018;1990;ENTERRE;4;0;0;0;391;391;0;7;2;0;0;0;0;0;0;0
2024-01-16;CUBPK105;Gare Saint Jean ARRET MINUTE P1 NORD - Metpark;SNCF_GARES_ET_CONNEXIONS_BAIL_45_ANS;METPARK;METPARK;CONCESSION_DE_SERVICE;CENTRE;33063;BORDEAUX;Apreciser105;1990;ENTERRE;1;0;0;0;46;46;0;1;0;0;0;0;0;0;0;0
2024-04-16;CUBPK07;GRANDS HOMMES - Metpark;BORDEAUX_METROPOLE;METPARK;METPARK;REGIE_AUTONOME;HYPER_CENTRE;33063;BORDEAUX;063J0014;1989;ENTERRE;6;0;0;0;413;413;0;9;0;0;0;2;0;0;0;0
2024-04-16;CUBPK40;PESSAC CENTRE - Metpark;BORDEAUX_METROPOLE;METPARK;METPARK;REGIE_AUTONOME;PERIPHERIE;33318;PESSAC;318J0020;1985;ENTERRE;3;0;0;0;343;343;84;6;2;0;0;0;6;0;20;0
2024-04-17;CUBPK39;MERIGNAC CENTRE - Metpark;BORDEAUX_METROPOLE;METPARK;METPARK;REGIE_AUTONOME;PERIPHERIE;33281;MERIGNAC;281J0002;1985;ENTERRE;3;0;0;0;280;280;84;6;3;0;0;0;20;0;55;0
2024-04-16;CUBPK24;GAMBETTA - Metpark;BORDEAUX_METROPOLE;METPARK;METPARK;REGIE_AUTONOME;HYPER_CENTRE;33063;BORDEAUX;063J0010;1981;ENTERRE;3;0;0;0;473;473;0;10;2;0;0;8;20;0;30;0
2024-04-17;CUBPK30;CENTRE COMMERCIAL MERIADECK - Metpark;BORDEAUX_METROPOLE;METPARK;METPARK;REGIE_AUTONOME;HYPER_CENTRE;33063;BORDEAUX;063J0008;1980;MIXTE;5;0;0;0;1267;1267;0;34;19;0;0;5;33;0;32;0
2024-04-17;CUBPK28;FRONT DU MEDOC - Metpark;BORDEAUX_METROPOLE;METPARK;METPARK;REGIE_AUTONOME;HYPER_CENTRE;33063;BORDEAUX;063J0007;1977;SILO;3;11;0;418;997;454;0;3;0;0;0;0;69;0;48;0
2024-04-16;CUBPK38;LIBERATION - Metpark;BORDEAUX_METROPOLE;METPARK;METPARK;REGIE_AUTONOME;PERIPHERIE;33069;LE BOUSCAT;069J0077;1974;ENTERRE;2;0;0;0;138;138;0;3;2;0;0;0;4;0;0;0
2024-06-25;CUBPK99;Centre commerçant Ginko - Indigo park;AUTRE;INDIGO_PARK;INDIGO_PARK;GESTION_PRIVEE;PERIPHERIE;33063;BORDEAUX;Apreciser99;2020;ENTERRE;3;0;0;0;952;952;0;20;8;0;0;0;0;0;0;0
2023-05-04;CUBPK100;Bassins à flots - EFFIA;AUTRE;AUTRE;EFFIA_STATIONNEMENT;GESTION_PRIVEE;CENTRE;33063;BORDEAUX;Apreciser100;2020;SILO;3;0;0;0;536;536;0;12;10;0;0;0;10;0;100;0
2024-02-04;CUBPK92;BASTIDE NIEL - Interparking;AUTRE;INTERPARKING;INTERPARKING;GESTION_PRIVEE;CENTRE;33063;BORDEAUX;063J2573;2018;SURFACE;1;0;0;0;248;248;0;5;0;0;0;0;0;0;0;0
2024-07-23;CUBPK81;P3 BELCIER - GARE SAINT JEAN - Indigo park;SNCF;INDIGO_INFRA_FRANCE;INDIGO_PARK;AUTORISATION_OCCUPATION_TEMPORAIRE;CENTRE;33063;BORDEAUX;063J2559;2017;SILO;7;0;0;0;738;738;0;19;7;0;0;0;44;0;0;0
2024-07-23;CUBPK108;GARE SAINT JEAN - ARRET MINUTE P3 BELCIER -  Indigo park;SNCF_GARES_ET_CONNEXIONS_BAIL_45_ANS;INDIGO_INFRA_FRANCE;INDIGO_PARK;AUTORISATION_OCCUPATION_TEMPORAIRE;CENTRE;33063;BORDEAUX;Apreciser108;2017;SILO;1;0;0;0;112;112;0;0;0;0;0;0;0;0;0;0
2024-04-16;CUBPK72;BEGLES LES SECHERIES - Metpark;METPARK;METPARK;METPARK;REGIE_AUTONOME;PERIPHERIE;33039;BEGLES;039J0147;2016;SILO;3;0;0;0;405;405;0;9;8;0;0;0;6;0;19;0
2023-11-21;CUBPK76;PARC-RELAIS GARE DE BLANQUEFORT - TBM Keolis;BORDEAUX_METROPOLE;TBM;KEOLIS;DELEGATION_DE_SERVICE_PUBLIC_POUR_BORDEAUX_METROPOLE;PERIPHERIE;33075;BLANQUEFORT;056J0092;2016;SURFACE;1;0;0;0;206;206;206;5;0;0;5;0;0;0;0;0
2023-06-29;CUBPK77;PARC-RELAIS GARE DE BRUGES (ABONNES)  - TBM Keolis;BORDEAUX_METROPOLE;TBM;KEOLIS;DELEGATION_DE_SERVICE_PUBLIC_POUR_BORDEAUX_METROPOLE;PERIPHERIE;33075;BRUGES;075J0092;2016;SURFACE;1;0;0;0;58;58;58;3;0;0;5;0;0;0;0;0
2024-04-26;CUBPK79;MEGARAMA - Metpark;AGORA_CINEMA;METPARK;METPARK;GESTION_PRIVEE;CENTRE;33063;BORDEAUX;063J0351;2016;ENTERRE;3;0;0;0;526;526;0;12;0;0;0;0;0;0;0;0
2023-06-29;CUBPK59;PARC-RELAIS GARE DE PESSAC ALOUETTE - TBM Keolis;BORDEAUX_METROPOLE;TBM;KEOLIS;DELEGATION_DE_SERVICE_PUBLIC_POUR_BORDEAUX_METROPOLE;PERIPHERIE;33318;PESSAC;318J0658;2015;SURFACE;1;0;0;0;148;148;148;4;4;0;5;0;0;0;30;7
2024-02-28;CUBPK04;MEUNIER - SAINT JEAN - Indigo TPS;BORDEAUX_METROPOLE;BP3000;INDIGO_TPS;DELEGATION_DE_SERVICE_PUBLIC_POUR_BORDEAUX_METROPOLE;CENTRE;33063;BORDEAUX;063J2502;2012;ENTERRE;4;0;0;0;330;330;0;7;17;0;0;0;20;0;30;0
2024-03-29;CUBPK08;CHU GROUPE HOSPITALIER PELLEGRIN - Indigo park;CHU_GROUPE_HOSPITALIER_PELLEGRIN;INDIGO_INFRA_FRANCE;INDIGO_PARK;DELEGATION_DE_SERVICE_PUBLIC_POUR_LE_CHU;CENTRE;33063;BORDEAUX;063J2537;2012;SURFACE;1;0;0;0;2376;2376;0;45;0;0;0;0;0;0;484;0
2023-02-22;CUBPK22;LEROY - Effia;SNCF;EFFIA;EFFIA_STATIONNEMENT;CONCESSION_DE_SERVICE;CENTRE;33063;BORDEAUX;063J2538;2010;ENTERRE;3;0;0;0;137;137;0;3;0;0;0;0;12;0;0;0
2023-06-29;CUBPK44;PARC-RELAIS BRANDENBURG - TBM Keolis;BORDEAUX_METROPOLE;TBM;KEOLIS;DELEGATION_DE_SERVICE_PUBLIC_POUR_BORDEAUX_METROPOLE;PERIPHERIE;33063;BORDEAUX;063J1143;2009;SURFACE;1;0;0;0;211;211;211;6;0;0;5;0;20;0;20;0
2024-04-04;CUBPK96;Parking gratuit GARE PAREMPUYRE;BORDEAUX_METROPOLE;BORDEAUX_METROPOLE;BORDEAUX_METROPOLE;AUTRE;PERIPHERIE;33312;PAREMPUYRE;Apreciser96;2009;SURFACE;0;0;0;0;151;151;0;4;2;0;10;0;0;0;12;0
2023-02-22;CUBPK13;AEROPORT PR EXPRESS - Indigo park;AEROPORT_DE_BORDEAUX;INDIGO_PARK;INDIGO_PARK;CONCESSION_DE_SERVICE;PERIPHERIE;33281;MERIGNAC;281J0572;2008;SURFACE;1;0;0;0;108;108;0;2;0;0;0;0;0;0;0;0
2023-06-29;CUBPK50;PARC-RELAIS LA GARDETTE SUD - TBM Keolis;BORDEAUX_METROPOLE;TBM;KEOLIS;DELEGATION_DE_SERVICE_PUBLIC_POUR_BORDEAUX_METROPOLE;PERIPHERIE;33249;LORMONT;249J0002;2008;SURFACE;1;0;0;0;151;151;151;4;0;0;5;0;36;0;0;0
2024-06-28;CUBPK14;BORD'EAU VILLAGE - Qpark;AUTRE;Q_PARK;Q_PARK;GESTION_PRIVEE;CENTRE;33063;BORDEAUX;063J2499;2005;SILO;4;0;0;0;540;540;0;23;10;0;0;0;10;0;90;0
2023-11-07;CUBPK02;BOURSE - JAURES - Indigo TPS;BORDEAUX_METROPOLE;BP3000;INDIGO_TPS;DELEGATION_DE_SERVICE_PUBLIC_POUR_BORDEAUX_METROPOLE;HYPER_CENTRE;33063;BORDEAUX;063J0015;2004;ENTERRE;7;20;0;0;1661;1661;0;34;5;0;0;3;44;0;60;0
2023-06-29;CUBPK55;PARC-RELAIS STALINGRAD - TBM Keolis;BORDEAUX_METROPOLE;TBM;KEOLIS;DELEGATION_DE_SERVICE_PUBLIC_POUR_BORDEAUX_METROPOLE;PERIPHERIE;33063;BORDEAUX;063J1081;2004;SURFACE;1;0;0;0;214;214;214;6;0;0;5;0;20;0;20;0
2024-04-17;CUBPK32;LHOTE - Metpark;BORDEAUX_METROPOLE;METPARK;METPARK;REGIE_AUTONOME;HYPER_CENTRE;33063;BORDEAUX;063J1139;2004;SILO;4;0;0;0;111;111;0;5;0;0;0;0;0;0;32;0
2023-06-29;CUBPK48;PARC-RELAIS GALIN - TBM Keolis;BORDEAUX_METROPOLE;TBM;KEOLIS;DELEGATION_DE_SERVICE_PUBLIC_POUR_BORDEAUX_METROPOLE;CENTRE;33063;BORDEAUX;063J1082;2003;SURFACE;1;0;0;0;279;279;279;8;0;0;5;0;36;0;36;0
2024-01-16;CUBPK102;Gare Saint Jean ARRET MINUTE P2 SUD - Metpark;SNCF;METPARK;METPARK;CONCESSION_DE_SERVICE;CENTRE;33063;BORDEAUX;Apreciser102;1990;ENTERRE;1;;;0;104;104;0;4;0;0;0;0;0;0;0;0
2024-04-17;CUBPK25;PEY BERLAND - SAINT CHRISTOLY - Metpark;BORDEAUX_METROPOLE;METPARK;METPARK;REGIE_AUTONOME;HYPER_CENTRE;33063;BORDEAUX;063J0006;1984;ENTERRE;3;0;0;0;667;667;0;18;4;0;0;6;38;0;35;0
2024-04-16;CUBPK17;ALSACE LORRAINE - Metpark;BORDEAUX_METROPOLE;METPARK;METPARK;REGIE_AUTONOME;HYPER_CENTRE;33063;BORDEAUX;063J1140;1983;ENTERRE;5;0;0;0;120;1250;0;0;0;0;0;0;0;0;0;0
2024-04-16;CUBPK26;REPUBLIQUE - Metpark;BORDEAUX_METROPOLE;METPARK;METPARK;REGIE_AUTONOME;HYPER_CENTRE;33063;BORDEAUX;063J0013;1980;ENTERRE;3;0;0;0;406;406;0;9;0;0;0;0;10;0;18;0
2024-04-17;CUBPK16;VICTOR HUGO - Metpark;BORDEAUX_METROPOLE;METPARK;METPARK;REGIE_AUTONOME;HYPER_CENTRE;33063;BORDEAUX;063J0003;1978;MIXTE;7;0;0;0;684;684;0;17;0;0;0;0;20;0;60;0
2024-02-28;CUBPK03;TOURNY - Indigo TPS;BORDEAUX_METROPOLE;BP3000;INDIGO_TPS;DELEGATION_DE_SERVICE_PUBLIC_POUR_BORDEAUX_METROPOLE;HYPER_CENTRE;33063;BORDEAUX;063J0005;1974;ENTERRE;2;0;0;0;957;957;0;20;48;0;0;6;11;0;15;0
